<?xml version="1.0" encoding="UTF-8"?>
<!DOCTYPE tiles-definitions PUBLIC "-//Apache Software Foundation//DTD Tiles Configuration 3.0//EN"
  "http://tiles.apache.org/dtds/tiles-config_3_0.dtd">
  
<tiles-definitions>
	<definition name="adminContent" template="/WEB-INF/views/template/admin/adminLayout.jsp">
		<put-attribute name="title" value="Coffee Pick Admin" />
		<put-attribute name="header" value="/WEB-INF/views/template/admin/adminHeader.jsp" />
		<put-attribute name="side" value="/WEB-INF/views/template/admin/adminSide.jsp" />
		<put-attribute name="main" value="" />
		<put-attribute name="footer" value="/WEB-INF/views/template/admin/adminFooter.jsp" />
	</definition>
	
	<definition name="admin/*" extends = "adminContent">
		<put-attribute name="title" value="Coffee Pick Admin" />
		<put-attribute name="main" value="/WEB-INF/views/admin/{1}.jsp" />
	</definition>
	
	<definition name="admin/*/*" extends = "adminContent">
		<put-attribute name="title" value="Coffee Pick Admin" />
		<put-attribute name="main" value="/WEB-INF/views/admin/{1}/{2}.jsp" />
	</definition>

	<!-- 로그인 및 회원가입 타일즈 -->
	<definition name="loginContent" template="/WEB-INF/views/template/admin/adminLoginLayout.jsp">
		<put-attribute name="title" value="Coffee Pick Admin" />
		<put-attribute name="main" value="" />
	</definition>
	
	<definition name="admin/sign/login" extends = "loginContent">
		<put-attribute name="title" value="Coffee Pick Admin - Login" />
		<put-attribute name="main" value="/WEB-INF/views/admin/sign/login.jsp" />
	</definition>
	<definition name="admin/sign/signUp" extends = "loginContent">
		<put-attribute name="title" value="Coffee Pick Admin - SignUp" />
		<put-attribute name="main" value="/WEB-INF/views/admin/sign/signUp.jsp" />
	</definition>
</tiles-definitions>  