<?xml version="1.0" encoding="UTF-8"?>
<!DOCTYPE tiles-definitions PUBLIC "-//Apache Software Foundation//DTD Tiles Configuration 3.0//EN"
  "http://tiles.apache.org/dtds/tiles-config_3_0.dtd">
 
<tiles-definitions>



	
	<definition name="content" template="/WEB-INF/views/template/user/contentLayout.jsp">
		<put-attribute name="title" value=""/>
		<put-attribute name="header" value="/WEB-INF/views/template/user/header.jsp"/>
		<put-attribute name="body" value=""/>
		<put-attribute name="footer" value="/WEB-INF/views/template/user/footer.jsp"/>
	</definition>
	

	
	<definition name="*" extends="content">
		<put-attribute name="title" value="coffeePick"/>
		<put-attribute name="body" value="/WEB-INF/index.jsp"/>
	</definition>
	
	
	<definition name="memberService/*" extends="content">
		<put-attribute name="title" value=""/>
		<put-attribute name="body" value="/WEB-INF/views/memberService/{1}.jsp"/>
	</definition>
	
</tiles-definitions>
 